property_id,property_name,address,units,restricted_units,units_basis,hap_units_at_risk,prac_units_at_risk,other_ra_units,psh_units_at_risk,programs,hud_contract,ohcs_funded,in_inventory,owner_name,owner_type,sponsor_archetype,manager_name,year_built,owner_cliff_type,owner_cliff_date,owner_cliff_months,owner_cliff_band,owner_cliff_basis,owner_cliff_source,declared_intent,notice_status,recap_status,physical,intervention_score,score_source,queue_band,board_flag,primary_route,secondary_routes,intervention,intervention_owner,statutory_cite,next_action,verify_flags,mandate_fit
addr:d74ea5ca67b2,Oregon City View Manor,200 S Longview Way,100,100,total_assumed_restricted,0,0,100,0,PUBLIC_HOUSING (HUD Section 9; HACC OR001),none (public housing ACC),False,True,"Housing Authority of Clackamas County (inventory lists 'CEDAR SINAI PARK' — data error, verify)",housing_authority,Public housing authority (mission sponsor),Housing Authority of Clackamas County,1962,SECTION_18_DISPOSITION_SALE,2026-2027 (ESTIMATED),,CRITICAL,ESTIMATED,HACC OCVM pages: HUD Section 18 approval 2024-10-31 (RECORDED event); relocation 'likely beginning in 2026'; sale after relocation (HACC/Lake Oswego Review 2025-06-19),DECLARED — HACC plans to sell the 22-acre site privately after relocating 100 households on tenant protection vouchers; net proceeds est. $12-16M fund Clackamas Heights,"n/a — public housing disposition is governed by Section 18 (24 CFR 970), not PuSH (verify PuSH coverage of Section 9 housing under ORS 456.766)",disposition_approved,"HUD inspection passing 2016 (ProPublica snapshot, stale); 1962 single/duplex units",40.5,"analyst, rubric v affordable_public_am.json (units 25x0.5 + clock 14x0.5 + intent 15 + sponsor 6)",PLAN,LARGEST NEAR-TERM HARD-UNIT LOSS IN THE CITY — rubric under-weights a PHA disposition for an hfa profile; board should read this row as ACT,nofa_offer,ta_sponsor,preservation_nofa_invitation (to HACC or a mission buyer for the site) / policy engagement on sale covenants,nofa_program_manager,"Section 18 of the 1937 Act; 24 CFR part 970 (970.9 resident consultation, 970.19 offer to resident organizations); 42 U.S.C. 1437f(t) TPVs (verify current text)","Request HACC's disposition timeline, the sale terms and any affordability covenant on the buyer; confirm TPV issuance count; evaluate OHCS preservation funds for an affordable re-use of the site",Verify — Owner name in inventory; Verify — Disposition date; Verify — PuSH coverage of public housing,eligible (acquisition/preservation pathways) — but OHCS 2025-27 preservation pathways reported fully subscribed; verify
addr:e403e8c0d110,Our Apartment,1308 SE Otter Ln,4,4,total_assumed_restricted,4,0,0,0,HAP (project-based Section 8),Housing Assistance Payment,False,True,"Northwest Housing Alternatives, Inc. (nonprofit, Milwaukie OR)",nonprofit,Nonprofit owner; Cascade Management manages,Cascade Management (inventory: Northwest Housing Alternatives),,HAP_EXPIRATION,2027-01-24,3.5,CRITICAL,REPORTED,"OHCS Oregon Affordable Housing Inventory p9yn-ftai, export 2026-10-02 (bundled in repo)",unknown — annual HAP date; renewal request status not confirmed at the PBCA,unknown (Verify — CA Log),none,"HUD inspection 85 (2018-05-25, ProPublica snapshot, stale)",18.0,"Bundled tri-county pipeline run, as_of 2026-10-04 (Portland_TriCounty_Preservation_LoanBook_10yr.xlsx)",WATCH,Under 5 units: no PuSH derivation; HAP_OPTOUT_PACKAGE_DUE 2026-09-26 already passed,optout_response,,optout_tenant_notice_check (first action: confirm HUD-9624 renewal request at the Oregon PBCA),pbca_liaison,42 U.S.C. 1437f(c)(8); 24 CFR 402.8; Section 8 Renewal Policy Guide ch. 11 (verify current text),"Confirm at the CA that a renewal request is on file; if none, treat as potential opt-out and start the tenant-notice check; next expected expiration 2028-01-24 if renewed annually",Verify — CA Log,ineligible (under 5 units)
addr:0db908ec7884,Rosewood Terrace,235 Pearl Street,38,38,reported_buckets,38,0,0,0,HAP; LIHTC_4; OAHTC; OTHER_OHCS,Housing Assistance Payment,True,True,"Northwest Rosewood Terrace LLC (Northwest Real Estate Capital Corp., nonprofit, Boise ID)",nonprofit (inventory says 'Housing Authority' — verify),Out-of-state nonprofit mission sponsor,Northwest Real Estate Capital Corp,1982,SOFT_PROGRAM_END (OAHTC),2029-04-01,29.8,APPROACHING,REPORTED,"OHCS Oregon Affordable Housing Inventory p9yn-ftai, export 2026-10-02 (bundled in repo)","none; HAP runs to 2038-05-31 (REPORTED), extended use to 2049-01-01 (REPORTED)",unknown; PuSH window opens 2046 (anchor 2049),none,HUD inspection 81 (2015) after 68 (2014) — stale; roof replacement permit 2022,34.6,"Bundled tri-county pipeline run, as_of 2026-10-04 (Portland_TriCounty_Preservation_LoanBook_10yr.xlsx)",PLAN,"OAHTC rent buffer ends 2029; HAP carries rents, so tenant impact is indirect (owner cash flow)",nofa_offer,,preservation_nofa_invitation,nofa_program_manager,ORS ch. 456/458 program statutes; IRC 42 (4%); 24 CFR 92/93 (verify current text),Ask the sponsor for the OAHTC loan maturity and refinance plan before 2029; confirm the HAP renewal term (20-year MAHRA?) at the CA; correct owner type in inventory,Verify — Owner type,eligible: ohcs_preservation_nofa; lihtc_4pct_gap; zero_pct_rehab_recap (pathways reported fully subscribed — verify)
addr:71b123dcde59,Kingsberry Heights,14290 Marjorie Ln,260,260,total_assumed_restricted,0,0,0,0,"LIHTC_9 (HUD LIHTC DB ORA19960045, placed in service 1996; OHCS cycle 1994F)",none,False,True,Berry Heights LP (OHCS list); inventory lists PWA-Red LLC with an individual GP (name withheld; organization scope),lihtc_partnership_forprofit_gp,"For-profit LIHTC partnership, past Year 15 (2011)",Berry Heights LP,1996,LIHTC_EXTENDED_USE_END,2044-01-01 (REPORTED) | alt ~2026-12-31 (DERIVED 15+15 yr),206.8,BEYOND (REPORTED) / OVERDUE-CRITICAL (DERIVED alt) — Verify — Ambiguous,Verify — Ambiguous (0.40),"OHCS Oregon Affordable Housing Inventory p9yn-ftai, export 2026-10-02 (bundled in repo); standard IRC 42(h)(6) 30-year term from 1996 placed-in-service",unknown — no notice log loaded; no QC request known; 2012 sale listing withdrawn,unknown (Verify — Notice Log; Verify — PuSH Coverage of a LIHTC-only property),none,no HUD inspection record (LIHTC-only); 1996 build,27.2,analyst: 27.2 under the DERIVED 30-year reading (units 27x0.4 + clock 20x0.4 + intent 6x0.4 + sponsor 6); 6.0 under the REPORTED 2044 reading,PLAN (pending verification),260 units = largest single block of restricted units in the city; the controlling date must be read from the recorded Declaration of Land Use Restrictive Covenants,notice_compliance (secondary until the LURA date is confirmed),nofa_offer; ta_sponsor,push_window_prep,push_program_manager,IRC 42(h)(6); ORS 456.766-456.819 (2025 numbering; formerly 456.250-.265); OAR 813-115 (verify current text),"Pull the recorded LURA / extended-use agreement from the OHCS file (then Clackamas County Recorder); check the OHCS QC log and the PuSH notice log; if the 30-year reading holds, the property is already inside or past the notice window",Verify — Ambiguous; Verify — Notice Log; Verify — PuSH Coverage,eligible: ohcs_preservation_nofa; lihtc_4pct_gap (verify subscription)
new:barclay-hills,Barclay Hills,13449 Barclay Hills Dr (also listed 13449 Jason Lee Dr),84,84,directory_reported (3BR),0,0,0,0,LIHTC (directory + Novoco District 5 list); no project-based subsidy,none,,False,unknown (not in OHCS inventory; no SOS lookup possible offline),unknown,unknown,unknown,,LIHTC_EXTENDED_USE_END,unknown,,NO DATED CLIFF — verify,none,affordablehousingonline / affordablehousinghub directories; Novoco 'LIHTC Properties in Oregon District 5' (13449 Barclay Hills Dr),unknown,unknown,none,unknown,0.0,not scorable: no dated event,VERIFY (inventory coverage gap),84 restricted units absent from the OHCS inventory; placed-in-service year unknown — could be near the end of a 30-year term,none,,inventory correction + LURA pull,compliance_officer,IRC 42(h)(6) (verify),"Locate the OHCS LIHTC compliance record (project number, placed-in-service year, extended-use end); add the row to the inventory",Verify — Inventory Coverage; Verify — Owner,unknown
new:newell-creek,Newell Creek Apartments (now marketed as 'Stone Creek Apartments at Oregon City'),14155 S Beavercreek Rd,125,125,"directory_reported (LIHTC 1997); current listings show 110 units, built 1998",0,0,0,0,"LIHTC (directory: 125 units, placed in service 1997)",none,,False,unknown,unknown,unknown; managed by Olive Tree Property Management (listings),Olive Tree Property Management (listings; Canyon / Milestone also named),1998,LIHTC_EXTENDED_USE_END,~2027-12-31 if a standard 30-year term from 1997 (DERIVED) — or already released,14.8,URGENT (DERIVED) — or LOST (verify),DERIVED (0.80) — unverified,"affordablehousinghub LIHTC directory (125 units, 1997); apartments.com / Trulia / Zumper listings at market rents $1,300-$2,135 with no income-restriction language","possible conversion to market rate (listings carry no affordability language) — termination evidence not found, so NOT recorded as lost",unknown,none,unknown,0.0,not scored: program status unverified,VERIFY (possible loss),"If still restricted, this is the nearest LIHTC cliff in the city (~2027) and the second-largest block; if released, 125 units were lost without appearing on any OHCS list",none,,inventory correction + LURA / release pull,compliance_officer,IRC 42(h)(6); ORS 456.766-456.819 (verify),Check OHCS LIHTC compliance records and the Clackamas County Recorder for the 1997 LURA and any release or qualified-contract file; confirm with the manager whether any units remain income-restricted,Verify — Inventory Coverage; Verify — Program Status; Verify — Lost,unknown
addr:3708f2c84e34,Meadowlark,13630 Garden Meadow Dr,15,15,total_assumed_restricted,0,14,0,0,PRAC (Section 811),Project Rental Assistance Contract,False,True,"Housing Opportunities Team, Inc. (nonprofit, Milwaukie OR; EIN 20-0845058 per ProPublica, verify)",nonprofit,Small nonprofit sponsor; SAM registration shown 'Expired' by an aggregator (verify),Cascade Management,,PRAC_EXPIRATION (stale),2025-10-31 (STALE_CONTRACT_DATE); next expected 2026-10-31,0.8,STALE CONTRACT DATE — verify (next expected inside 1 month),REPORTED,"OHCS Oregon Affordable Housing Inventory p9yn-ftai, export 2026-10-02 (bundled in repo)",none known; PRAC renews annually subject to appropriations,n/a (PRAC never primary for optout_response),none,unknown; serves people with chronic mental health disabilities (HACC list),5.0,"Bundled tri-county pipeline run, as_of 2026-10-04 (Portland_TriCounty_Preservation_LoanBook_10yr.xlsx)",WATCH,No OHCS instrument; the only protection is the annual PRAC,none,servicing_watch (prac_renewal_coordination),prac_renewal_coordination,hud_mf_asset_manager,Section 811 PRAC; HUD Notice H 2012-? renewal guidance (verify),Confirm the 2026-27 PRAC renewal with HUD Portland Multifamily; verify sponsor SAM status,Verify — Stale Contract Date on HAP_EXPIRATION 2025-10-31; Verify — Sponsor Capacity,eligible: ohcs_preservation_nofa; lihtc_4pct_gap
addr:412f3b8789ff,Fisher Ridge Apartments (fka Morton Road Apts),129 Morton Rd,19,19,total_assumed_restricted,0,18,0,0,"PRAC (Section 811, 1999 award to Northwest Housing Alternatives as sponsor per HUD release); HDGP",Project Rental Assistance Contract,True,True,"Clackamas Residential Options, Inc. (nonprofit)",nonprofit,Nonprofit affiliated with county behavioral health,"Cascade Management, Inc.",2000,SOFT_PROGRAM_END (HDGP),2040-08-04,165.9,BEYOND,REPORTED,"OHCS Oregon Affordable Housing Inventory p9yn-ftai, export 2026-10-02 (bundled in repo)",none,n/a,none,"HUD inspection 97 (2015, stale); 16 SRO/efficiency units",11.0,"Bundled tri-county pipeline run, as_of 2026-10-04 (Portland_TriCounty_Preservation_LoanBook_10yr.xlsx)",WATCH,PRAC date 2026-02-28 is stale — next expected 2027-02-28,none,servicing_watch (prac_renewal_coordination),prac_renewal_coordination,hud_mf_asset_manager,Section 811 PRAC; OHCS HDGP grant agreement (verify),Confirm PRAC renewal; no other action inside the horizon,Verify — Stale Contract Date on HAP_EXPIRATION 2026-02-28,eligible
addr:51c65dcdc79c,Oregon City Terrace,600 May Street,48,48,reported_buckets,47,0,0,0,"HAP (Subsidized – Previously Insured); LIHTC_9 (2020 closing, 2021 rehab); OAHTC; GHAP; OTHER_OHCS",HAP (expiration blank in inventory — verify),True,True,"OCT I Limited Partnership (RPH Corporation, nonprofit GP)",lihtc_partnership_nonprofit_gp,Nonprofit-GP LIHTC partnership,RPH Corporation,1969,LIHTC_COMPLIANCE_END (Year 15),2036-05-20,115.4,SCHEDULED,DERIVED,"compliance start 2021-05-20 + 15 years; OHCS Oregon Affordable Housing Inventory p9yn-ftai, export 2026-10-02 (bundled in repo)",none,not_open (anchor 2081-12-31),recapped 2020-21 (9% LIHTC rehab),"HUD inspection 98 (2017, stale); rehab 2021",9.0,"Bundled tri-county pipeline run, as_of 2026-10-04 (Portland_TriCounty_Preservation_LoanBook_10yr.xlsx)",WATCH (Monitoring),Recently preserved; HAP expiration date missing from inventory,none,,none,am_officer,IRC 42; 42 U.S.C. 1437f(c)(8) (verify),Fill the HAP expiration from the HUD MF Assistance tape when network access is restored,Verify — HAP date missing,eligible
addr:52d4b6094e75,Clackamas Heights (redevelopment),inventory: 8057 SE Monroe St (verify; HUD lists 501 S A St),99,99,HACC: 99 public housing units (inventory 100),0,0,99,0,"PUBLIC_HOUSING → Section 18 disposition; redevelopment with LIHTC equity, OHCS LIFT $36M, Metro bond $17M, Clackamas County HOME $3.5M; TDC $124M",none,future (LIFT award),True,Housing Authority of Clackamas County / redevelopment ownership entity (verify),housing_authority,PHA with LIHTC partnership,HACC,1938,SECTION_18_DISPOSITION (completed) → construction,relocation Jan-Aug 2025; financing closed late Oct 2025; completion fall 2027,,PIPELINE (not scored),REPORTED,HACC public housing update (Nov 2025); Clackamas County news 2026-06-03; Metro story 2026-06-09,recap closed,n/a,closed — under construction (200 new affordable homes; right of return for relocated households),demolition from Nov 2025,0.0,excluded: in_development / recap closed,EXCLUDED (pipeline),99 hard units offline 2025-2027; 200 replacement units join the OHCS book (LIFT) at completion — being_preserved_units 200,excluded,,map-progress-monitor handoff,construction analyst,Section 18; 24 CFR 970; RAD/Section 18 blend guidance (verify),Track construction and lease-up; update the inventory address and status,Verify — Address; Verify — Status,n/a
addr:lasflores,Las Flores Apartments (fka Maple Apts),14338 S Maple Lane Court,171,171,"reported_buckets (70 at 30% AMI, 101 at 60% AMI)",0,0,70,0,LIHTC; OHCS; Metro bond $16M; Agriculture Workforce Housing Tax Credit; 70 rent-assisted units,none,True,True,Maple OC Limited Partnership (Community Development Partners / Hacienda CDC),lihtc_partnership_nonprofit_gp,Mission developers,Guardian Real Estate Services,2024,none inside horizon,not recorded in inventory (closing 2022-05-31; 60-year OHCS term expected ~2084 — verify),,BEYOND (expected),none,"OHCS Oregon Affordable Housing Inventory p9yn-ftai, export 2026-10-02 (bundled in repo); Metro / Hacienda CDC opening 2024-09",none,n/a,"new construction, opened Sept 2024",new,0.0,excluded: inventory status 'In Development' (stale — property opened 2024-09),EXCLUDED (pipeline; inventory status stale),Inventory still shows In Development and carries no expiration dates; status and dates need updating,excluded,,inventory correction,compliance_officer,n/a,Update inventory status to Active and record the expiration dates,Verify — Status,n/a
addr:a334cb37e4da,Housing Authority Units: Oregon City,Scattered sites,24,24,total_assumed_restricted,0,0,0,0,unknown (owner WPL Associates LP; managed by HACC; built 1980),none,False,True,WPL Associates LP,housing_authority (per inventory),HACC-affiliated partnership (verify),Housing Authority of Clackamas County,1980,none dated,unknown,,NO DATED CLIFF,none,"OHCS Oregon Affordable Housing Inventory p9yn-ftai, export 2026-10-02 (bundled in repo)",unknown,unknown,none,unknown,6.0,"Bundled tri-county pipeline run, as_of 2026-10-04 (Portland_TriCounty_Preservation_LoanBook_10yr.xlsx)",EXCLUDED (no_dated_cliff_in_horizon),Ask HACC which program and restriction covers these 24 units,excluded,,data request to HACC,am_officer,n/a,Data request to HACC,Verify — Program; Verify — Dates,eligible: zero_pct_rehab_recap
addr:919ea140bc4e,South Leland,18980 Leland Rd,10,10,total_assumed_restricted,0,0,10,0,"unknown OHCS instrument (OHCS Funded = true); Assisted Living (ALF), 1972",none,True,True,not listed (owner type GOVERNMENT); address matches a Cascadia Behavioral Healthcare site per directories,government,Government / behavioral health,unknown,1972,none dated,unknown,,NO DATED CLIFF,none,"OHCS Oregon Affordable Housing Inventory p9yn-ftai, export 2026-10-02 (bundled in repo)",unknown,unknown,none,unknown,6.0,"Bundled tri-county pipeline run, as_of 2026-10-04 (Portland_TriCounty_Preservation_LoanBook_10yr.xlsx)",EXCLUDED (no_dated_cliff_in_horizon),Residential care facilities are normally outside the inventory; identify the OHCS instrument and its end date,excluded,,OHCS file check,am_officer,n/a,Pull the OHCS loan/grant record for the property,Verify — Program; Verify — Dates,eligible: zero_pct_rehab_recap
addr:984004c150b9,144 Molalla Ave,144 Molalla Ave,5,5,total_assumed_restricted,0,0,0,0,unknown (no dates; not OHCS funded),none,False,True,"MAINSTREAM HOUSING, INC (inventory) — the Eugene nonprofit of that name lists no Clackamas County property; verify",unknown (inventory: Housing Authority),unknown,unknown,1997,none dated,unknown,,NO DATED CLIFF,none,"OHCS Oregon Affordable Housing Inventory p9yn-ftai, export 2026-10-02 (bundled in repo)",unknown,unknown,none,unknown,6.0,"Bundled tri-county pipeline run, as_of 2026-10-04 (Portland_TriCounty_Preservation_LoanBook_10yr.xlsx)",EXCLUDED (no_dated_cliff_in_horizon),Owner identity and program unknown,excluded,,SOS worklist,compliance_officer,n/a,Resolve the owner at the Oregon SOS registry and identify the restriction,Verify — Owner; Verify — Program,eligible: zero_pct_rehab_recap
